{"cameraMode":{"drawMode":0,"name":"Shaded","section":"Shading Mode"},"sceneLighting":false,"audioPlay":false,"sceneViewState":{"showFog":true,"showMaterialUpdate":false,"showSkybox":false,"showFlares":true,"showImageEffects":true,"showParticleSystems":true},"in2DMode":false,"pivot":{"x":0.019662797451019288,"y":1.5013126134872437,"z":0.0625104308128357},"rotation":{"x":-0.12296787649393082,"y":-0.021734926849603654,"z":0.0026937448419630529,"w":-0.9921689629554749},"size":5.9564642906188969,"orthographic":false}