{"cameraMode":{"drawMode":0,"name":"Shaded","section":"Shading Mode"},"sceneLighting":true,"audioPlay":false,"sceneViewState":{"showFog":true,"showMaterialUpdate":false,"showSkybox":true,"showFlares":true,"showImageEffects":true,"showParticleSystems":true},"in2DMode":false,"pivot":{"x":0.06449568271636963,"y":1.5451042652130128,"z":-0.1337137222290039},"rotation":{"x":-0.1788618266582489,"y":0.07135740667581558,"z":-0.013007734902203083,"w":-0.9811968803405762},"size":7.238720893859863,"orthographic":false}